-- MySQL dump 10.13  Distrib 5.7.22, for Linux (x86_64)
--
-- Host: localhost    Database: base_world
-- ------------------------------------------------------
-- Server version	5.7.22

/*!40101 SET @OLD_CHARACTER_SET_CLIENT=@@CHARACTER_SET_CLIENT */;
/*!40101 SET @OLD_CHARACTER_SET_RESULTS=@@CHARACTER_SET_RESULTS */;
/*!40101 SET @OLD_COLLATION_CONNECTION=@@COLLATION_CONNECTION */;
/*!40101 SET NAMES utf8 */;
/*!40103 SET @OLD_TIME_ZONE=@@TIME_ZONE */;
/*!40103 SET TIME_ZONE='+00:00' */;
/*!40014 SET @OLD_UNIQUE_CHECKS=@@UNIQUE_CHECKS, UNIQUE_CHECKS=0 */;
/*!40014 SET @OLD_FOREIGN_KEY_CHECKS=@@FOREIGN_KEY_CHECKS, FOREIGN_KEY_CHECKS=0 */;
/*!40101 SET @OLD_SQL_MODE=@@SQL_MODE, SQL_MODE='NO_AUTO_VALUE_ON_ZERO' */;
/*!40111 SET @OLD_SQL_NOTES=@@SQL_NOTES, SQL_NOTES=0 */;

--
-- Table structure for table `Country`
--

DROP TABLE IF EXISTS `Country`;
/*!40101 SET @saved_cs_client     = @@character_set_client */;
/*!40101 SET character_set_client = utf8 */;
CREATE TABLE `Country` (
  `countryCode` varchar(30) NOT NULL,
  `countryName` varchar(48) DEFAULT NULL,
  `longitude` varchar(8) DEFAULT NULL,
  `Latitude` varchar(33) DEFAULT NULL,
  PRIMARY KEY (`countryCode`),
  KEY `idx_Country_lookup` (`countryName`,`longitude`,`Latitude`)
) ENGINE=InnoDB DEFAULT CHARSET=latin1;
/*!40101 SET character_set_client = @saved_cs_client */;

--
-- Dumping data for table `Country`
--

LOCK TABLES `Country` WRITE;
/*!40000 ALTER TABLE `Country` DISABLE KEYS */;
INSERT INTO `Country` VALUES ('AUT','Austria','13.33','47.33'),('BGR','Bulgaria','25','43'),('HRV','Croatia','15.5','45.17'),('CZE','Czech Republic','15.5','49.75'),('EST','Estonia','26','59'),('FRA','France','2','46'),('DEU','Germany','9','51'),('GRC','Greece','22','39'),('HUN','Hungary','20','47'),('ISL','Iceland','-18','65'),('IRL','Ireland','-8','53'),('ITA','Italy','12.83','42.83'),('LTU','Lithuania','24','56'),('LUX','Luxembourg','6.17','49.75'),('MLT','Malta','14.58','35.83'),('NLD','Netherlands','5.75','52.5'),('NOR','Norway','10','62'),('POL','Poland','20','52'),('PRT','Portugal','-8','39.5'),('RUS','Russian Federation','100','60'),('SVK','Slovakia','19.5','48.67'),('SVN','Slovenia','15','46'),('ESP','Spain','-4','40'),('SWE','Sweden','15','62'),('CHE','Switzerland','8','47'),('GBR','United Kingdom','-2','54');
/*!40000 ALTER TABLE `Country` ENABLE KEYS */;
UNLOCK TABLES;

--
-- Table structure for table `Fertility`
--

DROP TABLE IF EXISTS `Fertility`;
/*!40101 SET @saved_cs_client     = @@character_set_client */;
/*!40101 SET character_set_client = utf8 */;
CREATE TABLE `Fertility` (
  `countryCode` char(4) NOT NULL,
  `idTemps` int(30) NOT NULL,
  `countryName` varchar(30) DEFAULT NULL,
  `fertilityRate` float DEFAULT NULL,
  PRIMARY KEY (`countryCode`,`idTemps`),
  KEY `idTemps` (`idTemps`),
  CONSTRAINT `Fertility_ibfk_1` FOREIGN KEY (`idTemps`) REFERENCES `Temps` (`idTemps`) ON DELETE CASCADE,
  CONSTRAINT `Fertility_ibfk_2` FOREIGN KEY (`countryCode`) REFERENCES `Country` (`countryCode`) ON DELETE CASCADE
) ENGINE=InnoDB DEFAULT CHARSET=latin1;
/*!40101 SET character_set_client = @saved_cs_client */;

--
-- Dumping data for table `Fertility`
--

LOCK TABLES `Fertility` WRITE;
/*!40000 ALTER TABLE `Fertility` DISABLE KEYS */;
INSERT INTO `Fertility` VALUES ('AUT',1,'Austria                       ',1),('AUT',2,'Austria                       ',1),('AUT',3,'Austria                       ',1),('AUT',4,'Austria                       ',1),('AUT',5,'Austria                       ',1),('AUT',6,'Austria                       ',1),('AUT',7,'Austria                       ',1),('AUT',8,'Austria                       ',1),('AUT',9,'Austria                       ',2),('AUT',10,'Austria                       ',2),('AUT',11,'Austria                       ',2),('BGR',1,'Bulgaria                      ',1),('BGR',2,'Bulgaria                      ',2),('BGR',3,'Bulgaria                      ',2),('BGR',4,'Bulgaria                      ',2),('BGR',5,'Bulgaria                      ',2),('BGR',6,'Bulgaria                      ',2),('BGR',7,'Bulgaria                      ',2),('BGR',8,'Bulgaria                      ',2),('BGR',9,'Bulgaria                      ',2),('BGR',10,'Bulgaria                      ',2),('BGR',11,'Bulgaria                      ',2),('CHE',1,'Switzerland                   ',1),('CHE',2,'Switzerland                   ',2),('CHE',3,'Switzerland                   ',2),('CHE',4,'Switzerland                   ',2),('CHE',5,'Switzerland                   ',2),('CHE',6,'Switzerland                   ',2),('CHE',7,'Switzerland                   ',2),('CHE',8,'Switzerland                   ',2),('CHE',9,'Switzerland                   ',2),('CHE',10,'Switzerland                   ',2),('CHE',11,'Switzerland                   ',2),('CZE',1,'Czech Republic                ',1),('CZE',2,'Czech Republic                ',1),('CZE',3,'Czech Republic                ',2),('CZE',4,'Czech Republic                ',2),('CZE',5,'Czech Republic                ',2),('CZE',6,'Czech Republic                ',1),('CZE',7,'Czech Republic                ',1),('CZE',8,'Czech Republic                ',2),('CZE',9,'Czech Republic                ',2),('CZE',10,'Czech Republic                ',2),('CZE',11,'Czech Republic                ',2),('DEU',1,'Germany                       ',1),('DEU',2,'Germany                       ',1),('DEU',3,'Germany                       ',1),('DEU',4,'Germany                       ',1),('DEU',5,'Germany                       ',1),('DEU',6,'Germany                       ',1),('DEU',7,'Germany                       ',1),('DEU',8,'Germany                       ',1),('DEU',9,'Germany                       ',2),('DEU',10,'Germany                       ',2),('DEU',11,'Germany                       ',2),('ESP',1,'Spain                         ',1),('ESP',2,'Spain                         ',1),('ESP',3,'Spain                         ',1),('ESP',4,'Spain                         ',1),('ESP',5,'Spain                         ',1),('ESP',6,'Spain                         ',1),('ESP',7,'Spain                         ',1),('ESP',8,'Spain                         ',1),('ESP',9,'Spain                         ',1),('ESP',10,'Spain                         ',1),('ESP',11,'Spain                         ',1),('EST',1,'Estonia                       ',2),('EST',2,'Estonia                       ',2),('EST',3,'Estonia                       ',2),('EST',4,'Estonia                       ',2),('EST',5,'Estonia                       ',2),('EST',6,'Estonia                       ',2),('EST',7,'Estonia                       ',2),('EST',8,'Estonia                       ',2),('EST',9,'Estonia                       ',2),('EST',10,'Estonia                       ',2),('EST',11,'Estonia                       ',2),('FRA',1,'France                        ',2),('FRA',2,'France                        ',2),('FRA',3,'France                        ',2),('FRA',4,'France                        ',2),('FRA',5,'France                        ',2),('FRA',6,'France                        ',2),('FRA',7,'France                        ',2),('FRA',8,'France                        ',2),('FRA',9,'France                        ',2),('FRA',10,'France                        ',2),('FRA',11,'France                        ',2),('GBR',1,'United Kingdom                ',2),('GBR',2,'United Kingdom                ',2),('GBR',3,'United Kingdom                ',2),('GBR',4,'United Kingdom                ',2),('GBR',5,'United Kingdom                ',2),('GBR',6,'United Kingdom                ',2),('GBR',7,'United Kingdom                ',2),('GBR',8,'United Kingdom                ',2),('GBR',9,'United Kingdom                ',2),('GBR',10,'United Kingdom                ',2),('GBR',11,'United Kingdom                ',2),('GRC',1,'Greece                        ',1),('GRC',2,'Greece                        ',1),('GRC',3,'Greece                        ',2),('GRC',4,'Greece                        ',2),('GRC',5,'Greece                        ',2),('GRC',6,'Greece                        ',1),('GRC',7,'Greece                        ',1),('GRC',8,'Greece                        ',1),('GRC',9,'Greece                        ',1),('GRC',10,'Greece                        ',1),('GRC',11,'Greece                        ',1),('HRV',1,'Croatia                       ',2),('HRV',2,'Croatia                       ',2),('HRV',3,'Croatia                       ',2),('HRV',4,'Croatia                       ',2),('HRV',5,'Croatia                       ',2),('HRV',6,'Croatia                       ',2),('HRV',7,'Croatia                       ',2),('HRV',8,'Croatia                       ',2),('HRV',9,'Croatia                       ',2),('HRV',10,'Croatia                       ',1),('HRV',11,'Croatia                       ',1),('HUN',1,'Hungary                       ',1),('HUN',2,'Hungary                       ',1),('HUN',3,'Hungary                       ',1),('HUN',4,'Hungary                       ',1),('HUN',5,'Hungary                       ',1),('HUN',6,'Hungary                       ',1),('HUN',7,'Hungary                       ',1),('HUN',8,'Hungary                       ',1),('HUN',9,'Hungary                       ',1),('HUN',10,'Hungary                       ',1),('HUN',11,'Hungary                       ',1),('IRL',1,'Ireland                       ',2),('IRL',2,'Ireland                       ',2),('IRL',3,'Ireland                       ',2),('IRL',4,'Ireland                       ',2),('IRL',5,'Ireland                       ',2),('IRL',6,'Ireland                       ',2),('IRL',7,'Ireland                       ',2),('IRL',8,'Ireland                       ',2),('IRL',9,'Ireland                       ',2),('IRL',10,'Ireland                       ',2),('IRL',11,'Ireland                       ',2),('ISL',1,'Iceland                       ',2),('ISL',2,'Iceland                       ',2),('ISL',3,'Iceland                       ',2),('ISL',4,'Iceland                       ',2),('ISL',5,'Iceland                       ',2),('ISL',6,'Iceland                       ',2),('ISL',7,'Iceland                       ',2),('ISL',8,'Iceland                       ',2),('ISL',9,'Iceland                       ',2),('ISL',10,'Iceland                       ',2),('ISL',11,'Iceland                       ',2),('ITA',1,'Italy                         ',1),('ITA',2,'Italy                         ',1),('ITA',3,'Italy                         ',1),('ITA',4,'Italy                         ',1),('ITA',5,'Italy                         ',2),('ITA',6,'Italy                         ',1),('ITA',7,'Italy                         ',1),('ITA',8,'Italy                         ',1),('ITA',9,'Italy                         ',1),('ITA',10,'Italy                         ',1),('ITA',11,'Italy                         ',1),('LTU',1,'Lithuania                     ',1),('LTU',2,'Lithuania                     ',1),('LTU',3,'Lithuania                     ',1),('LTU',4,'Lithuania                     ',2),('LTU',5,'Lithuania                     ',2),('LTU',6,'Lithuania                     ',2),('LTU',7,'Lithuania                     ',2),('LTU',8,'Lithuania                     ',2),('LTU',9,'Lithuania                     ',2),('LTU',10,'Lithuania                     ',2),('LTU',11,'Lithuania                     ',2),('LUX',1,'Luxembourg                    ',2),('LUX',2,'Luxembourg                    ',2),('LUX',3,'Luxembourg                    ',2),('LUX',4,'Luxembourg                    ',2),('LUX',5,'Luxembourg                    ',2),('LUX',6,'Luxembourg                    ',2),('LUX',7,'Luxembourg                    ',2),('LUX',8,'Luxembourg                    ',2),('LUX',9,'Luxembourg                    ',2),('LUX',10,'Luxembourg                    ',2),('LUX',11,'Luxembourg                    ',2),('NLD',1,'Netherlands                   ',2),('NLD',2,'Netherlands                   ',2),('NLD',3,'Netherlands                   ',2),('NLD',4,'Netherlands                   ',2),('NLD',5,'Netherlands                   ',2),('NLD',6,'Netherlands                   ',2),('NLD',7,'Netherlands                   ',2),('NLD',8,'Netherlands                   ',2),('NLD',9,'Netherlands                   ',2),('NLD',10,'Netherlands                   ',2),('NLD',11,'Netherlands                   ',2),('NOR',1,'Norway                        ',2),('NOR',2,'Norway                        ',2),('NOR',3,'Norway                        ',2),('NOR',4,'Norway                        ',2),('NOR',5,'Norway                        ',2),('NOR',6,'Norway                        ',2),('NOR',7,'Norway                        ',2),('NOR',8,'Norway                        ',2),('NOR',9,'Norway                        ',2),('NOR',10,'Norway                        ',2),('NOR',11,'Norway                        ',2),('POL',1,'Poland                        ',1),('POL',2,'Poland                        ',1),('POL',3,'Poland                        ',1),('POL',4,'Poland                        ',1),('POL',5,'Poland                        ',1),('POL',6,'Poland                        ',1),('POL',7,'Poland                        ',1),('POL',8,'Poland                        ',1),('POL',9,'Poland                        ',1),('POL',10,'Poland                        ',1),('POL',11,'Poland                        ',1),('PRT',1,'Portugal                      ',1),('PRT',2,'Portugal                      ',1),('PRT',3,'Portugal                      ',1),('PRT',4,'Portugal                      ',1),('PRT',5,'Portugal                      ',1),('PRT',6,'Portugal                      ',1),('PRT',7,'Portugal                      ',1),('PRT',8,'Portugal                      ',1),('PRT',9,'Portugal                      ',1),('PRT',10,'Portugal                      ',1),('PRT',11,'Portugal                      ',1),('RUS',1,'Russian Federation            ',1),('RUS',2,'Russian Federation            ',1),('RUS',3,'Russian Federation            ',2),('RUS',4,'Russian Federation            ',2),('RUS',5,'Russian Federation            ',2),('RUS',6,'Russian Federation            ',2),('RUS',7,'Russian Federation            ',2),('RUS',8,'Russian Federation            ',2),('RUS',9,'Russian Federation            ',2),('RUS',10,'Russian Federation            ',2),('RUS',11,'Russian Federation            ',2),('SVK',1,'Slovak Republic               ',1),('SVK',2,'Slovak Republic               ',1),('SVK',3,'Slovak Republic               ',1),('SVK',4,'Slovak Republic               ',1),('SVK',5,'Slovak Republic               ',1),('SVK',6,'Slovak Republic               ',1),('SVK',7,'Slovak Republic               ',1),('SVK',8,'Slovak Republic               ',1),('SVK',9,'Slovak Republic               ',1),('SVK',10,'Slovak Republic               ',1),('SVK',11,'Slovak Republic               ',1),('SVN',1,'Slovenia                      ',1),('SVN',2,'Slovenia                      ',1),('SVN',3,'Slovenia                      ',2),('SVN',4,'Slovenia                      ',2),('SVN',5,'Slovenia                      ',2),('SVN',6,'Slovenia                      ',2),('SVN',7,'Slovenia                      ',2),('SVN',8,'Slovenia                      ',2),('SVN',9,'Slovenia                      ',2),('SVN',10,'Slovenia                      ',2),('SVN',11,'Slovenia                      ',2),('SWE',1,'Sweden                        ',2),('SWE',2,'Sweden                        ',2),('SWE',3,'Sweden                        ',2),('SWE',4,'Sweden                        ',2),('SWE',5,'Sweden                        ',2),('SWE',6,'Sweden                        ',2),('SWE',7,'Sweden                        ',2),('SWE',8,'Sweden                        ',2),('SWE',9,'Sweden                        ',2),('SWE',10,'Sweden                        ',2),('SWE',11,'Sweden                        ',2);
/*!40000 ALTER TABLE `Fertility` ENABLE KEYS */;
UNLOCK TABLES;

--
-- Table structure for table `GDP`
--

DROP TABLE IF EXISTS `GDP`;
/*!40101 SET @saved_cs_client     = @@character_set_client */;
/*!40101 SET character_set_client = utf8 */;
CREATE TABLE `GDP` (
  `countryCode` varchar(30) NOT NULL,
  `idTemps` int(30) NOT NULL,
  `measure` varchar(30) DEFAULT NULL,
  `gdp` float DEFAULT NULL,
  PRIMARY KEY (`countryCode`,`idTemps`),
  KEY `idTemps` (`idTemps`),
  CONSTRAINT `GDP_ibfk_1` FOREIGN KEY (`idTemps`) REFERENCES `Temps` (`idTemps`) ON DELETE CASCADE,
  CONSTRAINT `GDP_ibfk_2` FOREIGN KEY (`countryCode`) REFERENCES `Country` (`countryCode`) ON DELETE CASCADE
) ENGINE=InnoDB DEFAULT CHARSET=latin1;
/*!40101 SET character_set_client = @saved_cs_client */;

--
-- Dumping data for table `GDP`
--

LOCK TABLES `GDP` WRITE;
/*!40000 ALTER TABLE `GDP` DISABLE KEYS */;
INSERT INTO `GDP` VALUES ('AUT',1,'MLN_USD',311092),('AUT',2,'MLN_USD',326780),('AUT',3,'MLN_USD',343813),('AUT',4,'MLN_USD',341463),('AUT',5,'MLN_USD',351314),('AUT',6,'MLN_USD',373031),('AUT',7,'MLN_USD',391635),('AUT',8,'MLN_USD',406370),('AUT',9,'MLN_USD',417060),('AUT',10,'MLN_USD',431078),('AUT',11,'MLN_USD',451297),('BGR',1,'MLN_USD',85994),('BGR',2,'MLN_USD',96587),('BGR',3,'MLN_USD',107360),('BGR',4,'MLN_USD',105310),('BGR',5,'MLN_USD',110446),('BGR',6,'MLN_USD',115193),('BGR',7,'MLN_USD',118416),('BGR',8,'MLN_USD',120390),('BGR',9,'MLN_USD',126667),('BGR',10,'MLN_USD',130542),('BGR',11,'MLN_USD',138995),('CHE',1,'MLN_USD',337573),('CHE',2,'MLN_USD',375641),('CHE',3,'MLN_USD',402151),('CHE',4,'MLN_USD',400891),('CHE',5,'MLN_USD',415250),('CHE',6,'MLN_USD',444549),('CHE',7,'MLN_USD',462615),('CHE',8,'MLN_USD',486239),('CHE',9,'MLN_USD',506895),('CHE',10,'MLN_USD',529568),('CHE',11,'MLN_USD',537701),('CZE',1,'MLN_USD',243445),('CZE',2,'MLN_USD',269056),('CZE',3,'MLN_USD',289157),('CZE',4,'MLN_USD',288245),('CZE',5,'MLN_USD',289800),('CZE',6,'MLN_USD',302260),('CZE',7,'MLN_USD',305309),('CZE',8,'MLN_USD',320535),('CZE',9,'MLN_USD',339583),('CZE',10,'MLN_USD',355312),('CZE',11,'MLN_USD',372257),('DEU',1,'MLN_USD',2820720),('DEU',2,'MLN_USD',2998680),('DEU',3,'MLN_USD',3122550),('DEU',4,'MLN_USD',3033860),('DEU',5,'MLN_USD',3204630),('DEU',6,'MLN_USD',3427140),('DEU',7,'MLN_USD',3503680),('DEU',8,'MLN_USD',3647780),('DEU',9,'MLN_USD',3821630),('DEU',10,'MLN_USD',3919280),('DEU',11,'MLN_USD',4110950),('ESP',1,'MLN_USD',1368110),('ESP',2,'MLN_USD',1474260),('ESP',3,'MLN_USD',1537790),('ESP',4,'MLN_USD',1501740),('ESP',5,'MLN_USD',1486880),('ESP',6,'MLN_USD',1498960),('ESP',7,'MLN_USD',1496190),('ESP',8,'MLN_USD',1520000),('ESP',9,'MLN_USD',1566860),('ESP',10,'MLN_USD',1626880),('ESP',11,'MLN_USD',1706680),('EST',1,'MLN_USD',25937),('EST',2,'MLN_USD',29447),('EST',3,'MLN_USD',30304),('EST',4,'MLN_USD',27361),('EST',5,'MLN_USD',28736),('EST',6,'MLN_USD',32579),('EST',7,'MLN_USD',34420),('EST',8,'MLN_USD',36239),('EST',9,'MLN_USD',38075),('EST',10,'MLN_USD',38427),('EST',11,'MLN_USD',40655),('FRA',1,'MLN_USD',2063550),('FRA',2,'MLN_USD',2182210),('FRA',3,'MLN_USD',2259260),('FRA',4,'MLN_USD',2244380),('FRA',5,'MLN_USD',2334490),('FRA',6,'MLN_USD',2446480),('FRA',7,'MLN_USD',2474000),('FRA',8,'MLN_USD',2608520),('FRA',9,'MLN_USD',2662030),('FRA',10,'MLN_USD',2719220),('FRA',11,'MLN_USD',2804270),('GBR',1,'MLN_USD',2102520),('GBR',2,'MLN_USD',2171280),('GBR',3,'MLN_USD',2251410),('GBR',4,'MLN_USD',2165310),('GBR',5,'MLN_USD',2260380),('GBR',6,'MLN_USD',2329210),('GBR',7,'MLN_USD',2414960),('GBR',8,'MLN_USD',2533410),('GBR',9,'MLN_USD',2640580),('GBR',10,'MLN_USD',2738210),('GBR',11,'MLN_USD',2819120),('GRC',1,'MLN_USD',314295),('GRC',2,'MLN_USD',323631),('GRC',3,'MLN_USD',341818),('GRC',4,'MLN_USD',337269),('GRC',5,'MLN_USD',313048),('GRC',6,'MLN_USD',290297),('GRC',7,'MLN_USD',279267),('GRC',8,'MLN_USD',286169),('GRC',9,'MLN_USD',292336),('GRC',10,'MLN_USD',291109),('GRC',11,'MLN_USD',293903),('HRV',1,'MLN_USD',75074),('HRV',2,'MLN_USD',83340),('HRV',3,'MLN_USD',89802),('HRV',4,'MLN_USD',86254),('HRV',5,'MLN_USD',84966),('HRV',6,'MLN_USD',88859),('HRV',7,'MLN_USD',90287),('HRV',8,'MLN_USD',92804),('HRV',9,'MLN_USD',93571),('HRV',10,'MLN_USD',96717),('HRV',11,'MLN_USD',102374),('HUN',1,'MLN_USD',184285),('HUN',2,'MLN_USD',191363),('HUN',3,'MLN_USD',207576),('HUN',4,'MLN_USD',206985),('HUN',5,'MLN_USD',215349),('HUN',6,'MLN_USD',227766),('HUN',7,'MLN_USD',229106),('HUN',8,'MLN_USD',242026),('HUN',9,'MLN_USD',251775),('HUN',10,'MLN_USD',259426),('HUN',11,'MLN_USD',263522),('IRL',1,'MLN_USD',188914),('IRL',2,'MLN_USD',205693),('IRL',3,'MLN_USD',198814),('IRL',4,'MLN_USD',188770),('IRL',5,'MLN_USD',197419),('IRL',6,'MLN_USD',205818),('IRL',7,'MLN_USD',212881),('IRL',8,'MLN_USD',221790),('IRL',9,'MLN_USD',238441),('IRL',10,'MLN_USD',324245),('IRL',11,'MLN_USD',337276),('ISL',1,'MLN_USD',11876),('ISL',2,'MLN_USD',12824),('ISL',3,'MLN_USD',13750),('ISL',4,'MLN_USD',13347),('ISL',5,'MLN_USD',12587),('ISL',6,'MLN_USD',13005),('ISL',7,'MLN_USD',13446),('ISL',8,'MLN_USD',14297),('ISL',9,'MLN_USD',14966),('ISL',10,'MLN_USD',16120),('ISL',11,'MLN_USD',17639),('ITA',1,'MLN_USD',1879910),('ITA',2,'MLN_USD',1986700),('ITA',3,'MLN_USD',2082640),('ITA',4,'MLN_USD',2039620),('ITA',5,'MLN_USD',2075190),('ITA',6,'MLN_USD',2158280),('ITA',7,'MLN_USD',2157550),('ITA',8,'MLN_USD',2176320),('ITA',9,'MLN_USD',2192710),('ITA',10,'MLN_USD',2237100),('ITA',11,'MLN_USD',2367100),('LTU',1,'MLN_USD',53903),('LTU',2,'MLN_USD',61703),('LTU',3,'MLN_USD',66344),('LTU',4,'MLN_USD',57394),('LTU',5,'MLN_USD',62227),('LTU',6,'MLN_USD',69206),('LTU',7,'MLN_USD',73673),('LTU',8,'MLN_USD',78854),('LTU',9,'MLN_USD',82617),('LTU',10,'MLN_USD',83982),('LTU',11,'MLN_USD',86907),('LUX',1,'MLN_USD',36843),('LUX',2,'MLN_USD',40311),('LUX',3,'MLN_USD',42363),('LUX',4,'MLN_USD',40957),('LUX',5,'MLN_USD',43402),('LUX',6,'MLN_USD',47691),('LUX',7,'MLN_USD',48646),('LUX',8,'MLN_USD',51940),('LUX',9,'MLN_USD',56354),('LUX',10,'MLN_USD',58544),('LUX',11,'MLN_USD',61159),('NLD',1,'MLN_USD',669720),('NLD',2,'MLN_USD',719103),('NLD',3,'MLN_USD',763408),('NLD',4,'MLN_USD',736694),('NLD',5,'MLN_USD',748362),('NLD',6,'MLN_USD',777881),('NLD',7,'MLN_USD',792042),('NLD',8,'MLN_USD',827476),('NLD',9,'MLN_USD',830318),('NLD',10,'MLN_USD',852113),('NLD',11,'MLN_USD',874312),('NOR',1,'MLN_USD',252048),('NOR',2,'MLN_USD',263227),('NOR',3,'MLN_USD',294472),('NOR',4,'MLN_USD',267693),('NOR',5,'MLN_USD',283408),('NOR',6,'MLN_USD',307810),('NOR',7,'MLN_USD',328453),('NOR',8,'MLN_USD',340620),('NOR',9,'MLN_USD',339137),('NOR',10,'MLN_USD',314014),('NOR',11,'MLN_USD',304327),('POL',1,'MLN_USD',577542),('POL',2,'MLN_USD',639967),('POL',3,'MLN_USD',698100),('POL',4,'MLN_USD',734283),('POL',5,'MLN_USD',800737),('POL',6,'MLN_USD',869770),('POL',7,'MLN_USD',907168),('POL',8,'MLN_USD',940325),('POL',9,'MLN_USD',973566),('POL',10,'MLN_USD',1020170),('POL',11,'MLN_USD',1053110),('PRT',1,'MLN_USD',259431),('PRT',2,'MLN_USD',271017),('PRT',3,'MLN_USD',281181),('PRT',4,'MLN_USD',279732),('PRT',5,'MLN_USD',288732),('PRT',6,'MLN_USD',282734),('PRT',7,'MLN_USD',278161),('PRT',8,'MLN_USD',291753),('PRT',9,'MLN_USD',298995),('PRT',10,'MLN_USD',307476),('PRT',11,'MLN_USD',320523),('RUS',1,'MLN_USD',2297670),('RUS',2,'MLN_USD',2560770),('RUS',3,'MLN_USD',3100120),('RUS',4,'MLN_USD',2982070),('RUS',5,'MLN_USD',3152690),('RUS',6,'MLN_USD',3475380),('RUS',7,'MLN_USD',3692390),('RUS',8,'MLN_USD',3765660),('RUS',9,'MLN_USD',3768770),('RUS',10,'MLN_USD',3528550),('RUS',11,'MLN_USD',3532000),('SVK',1,'MLN_USD',101361),('SVK',2,'MLN_USD',113755),('SVK',3,'MLN_USD',127443),('SVK',4,'MLN_USD',124206),('SVK',5,'MLN_USD',134582),('SVK',6,'MLN_USD',139467),('SVK',7,'MLN_USD',144098),('SVK',8,'MLN_USD',151021),('SVK',9,'MLN_USD',156749),('SVK',10,'MLN_USD',161041),('SVK',11,'MLN_USD',167790),('SVN',1,'MLN_USD',51703),('SVN',2,'MLN_USD',55712),('SVN',3,'MLN_USD',59880),('SVN',4,'MLN_USD',56042),('SVN',5,'MLN_USD',56826),('SVN',6,'MLN_USD',59131),('SVN',7,'MLN_USD',59454),('SVN',8,'MLN_USD',61380),('SVN',9,'MLN_USD',63621),('SVN',10,'MLN_USD',65257),('SVN',11,'MLN_USD',68630),('SWE',1,'MLN_USD',340189),('SWE',2,'MLN_USD',371670),('SWE',3,'MLN_USD',386341),('SWE',4,'MLN_USD',369104),('SWE',5,'MLN_USD',390437),('SWE',6,'MLN_USD',413956),('SWE',7,'MLN_USD',426224),('SWE',8,'MLN_USD',438949),('SWE',9,'MLN_USD',451572),('SWE',10,'MLN_USD',474643),('SWE',11,'MLN_USD',487065);
/*!40000 ALTER TABLE `GDP` ENABLE KEYS */;
UNLOCK TABLES;

--
-- Table structure for table `Life`
--

DROP TABLE IF EXISTS `Life`;
/*!40101 SET @saved_cs_client     = @@character_set_client */;
/*!40101 SET character_set_client = utf8 */;
CREATE TABLE `Life` (
  `countryCode` char(4) NOT NULL,
  `idTemps` int(30) NOT NULL,
  `countryName` varchar(30) DEFAULT NULL,
  `LifeExpectancy` float(10,2) DEFAULT NULL,
  PRIMARY KEY (`countryCode`,`idTemps`),
  KEY `idTemps` (`idTemps`),
  CONSTRAINT `Life_ibfk_1` FOREIGN KEY (`idTemps`) REFERENCES `Temps` (`idTemps`) ON DELETE CASCADE,
  CONSTRAINT `Life_ibfk_2` FOREIGN KEY (`countryCode`) REFERENCES `Country` (`countryCode`) ON DELETE CASCADE
) ENGINE=InnoDB DEFAULT CHARSET=latin1;
/*!40101 SET character_set_client = @saved_cs_client */;

--
-- Dumping data for table `Life`
--

LOCK TABLES `Life` WRITE;
/*!40000 ALTER TABLE `Life` DISABLE KEYS */;
INSERT INTO `Life` VALUES ('AUT',1,'Austria                       ',80.00),('AUT',2,'Austria                       ',80.00),('AUT',3,'Austria                       ',80.00),('AUT',4,'Austria                       ',80.00),('AUT',5,'Austria                       ',81.00),('AUT',6,'Austria                       ',81.00),('AUT',7,'Austria                       ',81.00),('AUT',8,'Austria                       ',81.00),('AUT',9,'Austria                       ',82.00),('AUT',10,'Austria                       ',81.00),('AUT',11,'Austria                       ',81.00),('BGR',1,'Bulgaria                      ',73.00),('BGR',2,'Bulgaria                      ',73.00),('BGR',3,'Bulgaria                      ',73.00),('BGR',4,'Bulgaria                      ',73.00),('BGR',5,'Bulgaria                      ',74.00),('BGR',6,'Bulgaria                      ',74.00),('BGR',7,'Bulgaria                      ',74.00),('BGR',8,'Bulgaria                      ',75.00),('BGR',9,'Bulgaria                      ',74.00),('BGR',10,'Bulgaria                      ',75.00),('BGR',11,'Bulgaria                      ',75.00),('CHE',1,'Switzerland                   ',82.00),('CHE',2,'Switzerland                   ',82.00),('CHE',3,'Switzerland                   ',82.00),('CHE',4,'Switzerland                   ',82.00),('CHE',5,'Switzerland                   ',82.00),('CHE',6,'Switzerland                   ',83.00),('CHE',7,'Switzerland                   ',83.00),('CHE',8,'Switzerland                   ',83.00),('CHE',9,'Switzerland                   ',83.00),('CHE',10,'Switzerland                   ',83.00),('CHE',11,'Switzerland                   ',83.00),('CZE',1,'Czech Republic                ',76.00),('CZE',2,'Czech Republic                ',77.00),('CZE',3,'Czech Republic                ',77.00),('CZE',4,'Czech Republic                ',77.00),('CZE',5,'Czech Republic                ',77.00),('CZE',6,'Czech Republic                ',78.00),('CZE',7,'Czech Republic                ',78.00),('CZE',8,'Czech Republic                ',78.00),('CZE',9,'Czech Republic                ',79.00),('CZE',10,'Czech Republic                ',79.00),('CZE',11,'Czech Republic                ',78.00),('DEU',1,'Germany                       ',79.00),('DEU',2,'Germany                       ',80.00),('DEU',3,'Germany                       ',80.00),('DEU',4,'Germany                       ',80.00),('DEU',5,'Germany                       ',80.00),('DEU',6,'Germany                       ',80.00),('DEU',7,'Germany                       ',80.00),('DEU',8,'Germany                       ',80.00),('DEU',9,'Germany                       ',81.00),('DEU',10,'Germany                       ',81.00),('DEU',11,'Germany                       ',81.00),('ESP',1,'Spain                         ',81.00),('ESP',2,'Spain                         ',81.00),('ESP',3,'Spain                         ',81.00),('ESP',4,'Spain                         ',82.00),('ESP',5,'Spain                         ',82.00),('ESP',6,'Spain                         ',82.00),('ESP',7,'Spain                         ',82.00),('ESP',8,'Spain                         ',83.00),('ESP',9,'Spain                         ',83.00),('ESP',10,'Spain                         ',83.00),('ESP',11,'Spain                         ',83.00),('EST',1,'Estonia                       ',73.00),('EST',2,'Estonia                       ',73.00),('EST',3,'Estonia                       ',74.00),('EST',4,'Estonia                       ',75.00),('EST',5,'Estonia                       ',75.00),('EST',6,'Estonia                       ',76.00),('EST',7,'Estonia                       ',76.00),('EST',8,'Estonia                       ',77.00),('EST',9,'Estonia                       ',77.00),('EST',10,'Estonia                       ',78.00),('EST',11,'Estonia                       ',78.00),('FRA',1,'France                        ',81.00),('FRA',2,'France                        ',81.00),('FRA',3,'France                        ',81.00),('FRA',4,'France                        ',81.00),('FRA',5,'France                        ',82.00),('FRA',6,'France                        ',82.00),('FRA',7,'France                        ',82.00),('FRA',8,'France                        ',82.00),('FRA',9,'France                        ',83.00),('FRA',10,'France                        ',82.00),('FRA',11,'France                        ',82.00),('GBR',1,'United Kingdom                ',79.00),('GBR',2,'United Kingdom                ',79.00),('GBR',3,'United Kingdom                ',80.00),('GBR',4,'United Kingdom                ',80.00),('GBR',5,'United Kingdom                ',80.00),('GBR',6,'United Kingdom                ',81.00),('GBR',7,'United Kingdom                ',81.00),('GBR',8,'United Kingdom                ',81.00),('GBR',9,'United Kingdom                ',81.00),('GBR',10,'United Kingdom                ',81.00),('GBR',11,'United Kingdom                ',81.00),('GRC',1,'Greece                        ',79.00),('GRC',2,'Greece                        ',79.00),('GRC',3,'Greece                        ',80.00),('GRC',4,'Greece                        ',80.00),('GRC',5,'Greece                        ',80.00),('GRC',6,'Greece                        ',81.00),('GRC',7,'Greece                        ',81.00),('GRC',8,'Greece                        ',81.00),('GRC',9,'Greece                        ',81.00),('GRC',10,'Greece                        ',81.00),('GRC',11,'Greece                        ',81.00),('HRV',1,'Croatia                       ',76.00),('HRV',2,'Croatia                       ',76.00),('HRV',3,'Croatia                       ',76.00),('HRV',4,'Croatia                       ',76.00),('HRV',5,'Croatia                       ',76.00),('HRV',6,'Croatia                       ',77.00),('HRV',7,'Croatia                       ',77.00),('HRV',8,'Croatia                       ',77.00),('HRV',9,'Croatia                       ',78.00),('HRV',10,'Croatia                       ',77.00),('HRV',11,'Croatia                       ',78.00),('HUN',1,'Hungary                       ',73.00),('HUN',2,'Hungary                       ',73.00),('HUN',3,'Hungary                       ',74.00),('HUN',4,'Hungary                       ',74.00),('HUN',5,'Hungary                       ',74.00),('HUN',6,'Hungary                       ',75.00),('HUN',7,'Hungary                       ',75.00),('HUN',8,'Hungary                       ',76.00),('HUN',9,'Hungary                       ',76.00),('HUN',10,'Hungary                       ',76.00),('HUN',11,'Hungary                       ',76.00),('IRL',1,'Ireland                       ',79.00),('IRL',2,'Ireland                       ',80.00),('IRL',3,'Ireland                       ',80.00),('IRL',4,'Ireland                       ',80.00),('IRL',5,'Ireland                       ',81.00),('IRL',6,'Ireland                       ',81.00),('IRL',7,'Ireland                       ',81.00),('IRL',8,'Ireland                       ',81.00),('IRL',9,'Ireland                       ',81.00),('IRL',10,'Ireland                       ',82.00),('IRL',11,'Ireland                       ',82.00),('ISL',1,'Iceland                       ',81.00),('ISL',2,'Iceland                       ',82.00),('ISL',3,'Iceland                       ',82.00),('ISL',4,'Iceland                       ',82.00),('ISL',5,'Iceland                       ',82.00),('ISL',6,'Iceland                       ',82.00),('ISL',7,'Iceland                       ',83.00),('ISL',8,'Iceland                       ',82.00),('ISL',9,'Iceland                       ',83.00),('ISL',10,'Iceland                       ',82.00),('ISL',11,'Iceland                       ',82.00),('ITA',1,'Italy                         ',81.00),('ITA',2,'Italy                         ',81.00),('ITA',3,'Italy                         ',82.00),('ITA',4,'Italy                         ',82.00),('ITA',5,'Italy                         ',82.00),('ITA',6,'Italy                         ',82.00),('ITA',7,'Italy                         ',82.00),('ITA',8,'Italy                         ',83.00),('ITA',9,'Italy                         ',83.00),('ITA',10,'Italy                         ',82.00),('ITA',11,'Italy                         ',82.00),('LTU',1,'Lithuania                     ',71.00),('LTU',2,'Lithuania                     ',71.00),('LTU',3,'Lithuania                     ',72.00),('LTU',4,'Lithuania                     ',73.00),('LTU',5,'Lithuania                     ',73.00),('LTU',6,'Lithuania                     ',74.00),('LTU',7,'Lithuania                     ',74.00),('LTU',8,'Lithuania                     ',74.00),('LTU',9,'Lithuania                     ',74.00),('LTU',10,'Lithuania                     ',74.00),('LTU',11,'Lithuania                     ',74.00),('LUX',1,'Luxembourg                    ',79.00),('LUX',2,'Luxembourg                    ',79.00),('LUX',3,'Luxembourg                    ',80.00),('LUX',4,'Luxembourg                    ',81.00),('LUX',5,'Luxembourg                    ',81.00),('LUX',6,'Luxembourg                    ',81.00),('LUX',7,'Luxembourg                    ',81.00),('LUX',8,'Luxembourg                    ',82.00),('LUX',9,'Luxembourg                    ',82.00),('LUX',10,'Luxembourg                    ',82.00),('LUX',11,'Luxembourg                    ',82.00),('NLD',1,'Netherlands                   ',80.00),('NLD',2,'Netherlands                   ',80.00),('NLD',3,'Netherlands                   ',80.00),('NLD',4,'Netherlands                   ',80.00),('NLD',5,'Netherlands                   ',81.00),('NLD',6,'Netherlands                   ',81.00),('NLD',7,'Netherlands                   ',81.00),('NLD',8,'Netherlands                   ',81.00),('NLD',9,'Netherlands                   ',82.00),('NLD',10,'Netherlands                   ',82.00),('NLD',11,'Netherlands                   ',82.00),('NOR',1,'Norway                        ',80.00),('NOR',2,'Norway                        ',80.00),('NOR',3,'Norway                        ',81.00),('NOR',4,'Norway                        ',81.00),('NOR',5,'Norway                        ',81.00),('NOR',6,'Norway                        ',81.00),('NOR',7,'Norway                        ',82.00),('NOR',8,'Norway                        ',82.00),('NOR',9,'Norway                        ',82.00),('NOR',10,'Norway                        ',82.00),('NOR',11,'Norway                        ',82.00),('POL',1,'Poland                        ',75.00),('POL',2,'Poland                        ',75.00),('POL',3,'Poland                        ',76.00),('POL',4,'Poland                        ',76.00),('POL',5,'Poland                        ',76.00),('POL',6,'Poland                        ',77.00),('POL',7,'Poland                        ',77.00),('POL',8,'Poland                        ',77.00),('POL',9,'Poland                        ',78.00),('POL',10,'Poland                        ',78.00),('POL',11,'Poland                        ',78.00),('PRT',1,'Portugal                      ',78.00),('PRT',2,'Portugal                      ',78.00),('PRT',3,'Portugal                      ',78.00),('PRT',4,'Portugal                      ',79.00),('PRT',5,'Portugal                      ',79.00),('PRT',6,'Portugal                      ',80.00),('PRT',7,'Portugal                      ',80.00),('PRT',8,'Portugal                      ',81.00),('PRT',9,'Portugal                      ',81.00),('PRT',10,'Portugal                      ',81.00),('PRT',11,'Portugal                      ',81.00),('RUS',1,'Russian Federation            ',67.00),('RUS',2,'Russian Federation            ',68.00),('RUS',3,'Russian Federation            ',68.00),('RUS',4,'Russian Federation            ',69.00),('RUS',5,'Russian Federation            ',69.00),('RUS',6,'Russian Federation            ',70.00),('RUS',7,'Russian Federation            ',70.00),('RUS',8,'Russian Federation            ',71.00),('RUS',9,'Russian Federation            ',71.00),('RUS',10,'Russian Federation            ',71.00),('RUS',11,'Russian Federation            ',72.00),('SVK',1,'Slovak Republic               ',74.00),('SVK',2,'Slovak Republic               ',74.00),('SVK',3,'Slovak Republic               ',75.00),('SVK',4,'Slovak Republic               ',75.00),('SVK',5,'Slovak Republic               ',75.00),('SVK',6,'Slovak Republic               ',76.00),('SVK',7,'Slovak Republic               ',76.00),('SVK',8,'Slovak Republic               ',76.00),('SVK',9,'Slovak Republic               ',77.00),('SVK',10,'Slovak Republic               ',77.00),('SVK',11,'Slovak Republic               ',77.00),('SVN',1,'Slovenia                      ',78.00),('SVN',2,'Slovenia                      ',79.00),('SVN',3,'Slovenia                      ',79.00),('SVN',4,'Slovenia                      ',79.00),('SVN',5,'Slovenia                      ',79.00),('SVN',6,'Slovenia                      ',80.00),('SVN',7,'Slovenia                      ',80.00),('SVN',8,'Slovenia                      ',80.00),('SVN',9,'Slovenia                      ',81.00),('SVN',10,'Slovenia                      ',81.00),('SVN',11,'Slovenia                      ',81.00),('SWE',1,'Sweden                        ',81.00),('SWE',2,'Sweden                        ',81.00),('SWE',3,'Sweden                        ',81.00),('SWE',4,'Sweden                        ',81.00),('SWE',5,'Sweden                        ',82.00),('SWE',6,'Sweden                        ',82.00),('SWE',7,'Sweden                        ',82.00),('SWE',8,'Sweden                        ',82.00),('SWE',9,'Sweden                        ',82.00),('SWE',10,'Sweden                        ',82.00),('SWE',11,'Sweden                        ',82.00);
/*!40000 ALTER TABLE `Life` ENABLE KEYS */;
UNLOCK TABLES;

--
-- Table structure for table `Population`
--

DROP TABLE IF EXISTS `Population`;
/*!40101 SET @saved_cs_client     = @@character_set_client */;
/*!40101 SET character_set_client = utf8 */;
CREATE TABLE `Population` (
  `idTemps` int(30) NOT NULL,
  `countryCode` varchar(30) NOT NULL,
  `nbHabitants` bigint(20) DEFAULT NULL,
  PRIMARY KEY (`countryCode`,`idTemps`),
  KEY `idx_Population_lookup` (`idTemps`,`countryCode`,`nbHabitants`),
  CONSTRAINT `Population_ibfk_1` FOREIGN KEY (`idTemps`) REFERENCES `Temps` (`idTemps`) ON DELETE CASCADE,
  CONSTRAINT `Population_ibfk_2` FOREIGN KEY (`countryCode`) REFERENCES `Country` (`countryCode`) ON DELETE CASCADE
) ENGINE=InnoDB DEFAULT CHARSET=latin1;
/*!40101 SET character_set_client = @saved_cs_client */;

--
-- Dumping data for table `Population`
--

LOCK TABLES `Population` WRITE;
/*!40000 ALTER TABLE `Population` DISABLE KEYS */;
INSERT INTO `Population` VALUES (1,'AUT',8268641),(1,'BGR',7601022),(1,'CHE',7483934),(1,'CZE',10238905),(1,'DEU',82376451),(1,'ESP',44397319),(1,'EST',1346810),(1,'FRA',63621381),(1,'GBR',60846820),(1,'GRC',11020362),(1,'HRV',4440000),(1,'HUN',10071370),(1,'IRL',4273591),(1,'ISL',303782),(1,'ITA',58143979),(1,'LTU',3269909),(1,'LUX',472637),(1,'NLD',16346101),(1,'NOR',4660677),(1,'POL',38141267),(1,'PRT',10522288),(1,'RUS',143049528),(1,'SVK',5373054),(1,'SVN',2006868),(1,'SWE',9080505),(2,'AUT',8295487),(2,'BGR',7545338),(2,'CHE',7551117),(2,'CZE',10298828),(2,'DEU',82266372),(2,'ESP',45226803),(2,'EST',1340680),(2,'FRA',64016227),(2,'GBR',61322463),(2,'GRC',11048473),(2,'HRV',4436000),(2,'HUN',10055780),(2,'IRL',4398942),(2,'ISL',311566),(2,'ITA',58438310),(2,'LTU',3231294),(2,'LUX',479993),(2,'NLD',16381696),(2,'NOR',4709153),(2,'POL',38120560),(2,'PRT',10542964),(2,'RUS',142805088),(2,'SVK',5374622),(2,'SVN',2018122),(2,'SWE',9148092),(3,'AUT',8321496),(3,'BGR',7492561),(3,'CHE',7647675),(3,'CZE',10384603),(3,'DEU',82110097),(3,'ESP',45954106),(3,'EST',1337090),(3,'FRA',64374989),(3,'GBR',61806995),(3,'GRC',11077841),(3,'HRV',4434508),(3,'HUN',10038188),(3,'IRL',4489544),(3,'ISL',317414),(3,'ITA',58826731),(3,'LTU',3198231),(3,'LUX',488650),(3,'NLD',16445593),(3,'NOR',4768212),(3,'POL',38125759),(3,'PRT',10558177),(3,'RUS',142742350),(3,'SVK',5379233),(3,'SVN',2021316),(3,'SWE',9219637),(4,'AUT',8343323),(4,'BGR',7444443),(4,'CHE',7743831),(4,'CZE',10443936),(4,'DEU',81902307),(4,'ESP',46362946),(4,'EST',1334515),(4,'FRA',64707044),(4,'GBR',62276270),(4,'GRC',11107017),(4,'HRV',4429078),(4,'HUN',10022650),(4,'IRL',4535375),(4,'ISL',318499),(4,'ITA',59095365),(4,'LTU',3162916),(4,'LUX',497783),(4,'NLD',16530388),(4,'NOR',4828726),(4,'POL',38151603),(4,'PRT',10568247),(4,'RUS',142785342),(4,'SVK',5386406),(4,'SVN',2039669),(4,'SWE',9298515),(5,'AUT',8363404),(5,'BGR',7395599),(5,'CHE',7824909),(5,'CZE',10474410),(5,'DEU',81776930),(5,'ESP',46576897),(5,'EST',1331475),(5,'FRA',65027507),(5,'GBR',62766365),(5,'GRC',11121341),(5,'HRV',4417781),(5,'HUN',10000023),(5,'IRL',4560155),(5,'ISL',318041),(5,'ITA',59277417),(5,'LTU',3097282),(5,'LUX',506953),(5,'NLD',16615394),(5,'NOR',4889252),(5,'POL',38042794),(5,'PRT',10573100),(5,'RUS',142849449),(5,'SVK',5391428),(5,'SVN',2048583),(5,'SWE',9378126),(6,'AUT',8391643),(6,'BGR',7348328),(6,'CHE',7912398),(6,'CZE',10496088),(6,'DEU',80274983),(6,'ESP',46742697),(6,'EST',1327439),(6,'FRA',65342775),(6,'GBR',63258918),(6,'GRC',11104899),(6,'HRV',4280622),(6,'HUN',9971727),(6,'IRL',4576794),(6,'ISL',319014),(6,'ITA',59379449),(6,'LTU',3028115),(6,'LUX',518347),(6,'NLD',16693074),(6,'NOR',4953088),(6,'POL',38063255),(6,'PRT',10557560),(6,'RUS',142960868),(6,'SVK',5398384),(6,'SVN',2052843),(6,'SWE',9449213),(7,'AUT',8429991),(7,'BGR',7305888),(7,'CHE',7996861),(7,'CZE',10510785),(7,'DEU',80425823),(7,'ESP',46773055),(7,'EST',1322696),(7,'FRA',65659789),(7,'GBR',63700300),(7,'GRC',11045011),(7,'HRV',4267558),(7,'HUN',9920362),(7,'IRL',4586897),(7,'ISL',320716),(7,'ITA',59539717),(7,'LTU',2987773),(7,'LUX',530946),(7,'NLD',16754962),(7,'NOR',5018573),(7,'POL',38063164),(7,'PRT',10514844),(7,'RUS',143201676),(7,'SVK',5407579),(7,'SVN',2057159),(7,'SWE',9519374),(8,'AUT',8479375),(8,'BGR',7265115),(8,'CHE',8089346),(8,'CZE',10514272),(8,'DEU',80645605),(8,'ESP',46620045),(8,'EST',1317997),(8,'FRA',65998573),(8,'GBR',64128226),(8,'GRC',10965211),(8,'HRV',4255689),(8,'HUN',9893082),(8,'IRL',4598294),(8,'ISL',323764),(8,'ITA',60233948),(8,'LTU',2957689),(8,'LUX',543360),(8,'NLD',16804432),(8,'NOR',5079623),(8,'POL',38040196),(8,'PRT',10457295),(8,'RUS',143506911),(8,'SVK',5413393),(8,'SVN',2059953),(8,'SWE',9600379),(9,'AUT',8541575),(9,'BGR',7223938),(9,'CHE',8188649),(9,'CZE',10525347),(9,'DEU',80982500),(9,'ESP',46480882),(9,'EST',1314545),(9,'FRA',66331958),(9,'GBR',64613160),(9,'GRC',10892413),(9,'HRV',4238389),(9,'HUN',9866468),(9,'IRL',4617225),(9,'ISL',327386),(9,'ITA',60789140),(9,'LTU',2932367),(9,'LUX',556319),(9,'NLD',16865008),(9,'NOR',5137232),(9,'POL',38011735),(9,'PRT',10401062),(9,'RUS',143819666),(9,'SVK',5418649),(9,'SVN',2061980),(9,'SWE',9696110),(10,'AUT',8633169),(10,'BGR',7177991),(10,'CHE',8282396),(10,'CZE',10546059),(10,'DEU',81686611),(10,'ESP',46444832),(10,'EST',1315407),(10,'FRA',66624068),(10,'GBR',65128861),(10,'GRC',10820883),(10,'HRV',4203604),(10,'HUN',9843028),(10,'IRL',4646554),(10,'ISL',330815),(10,'ITA',60730582),(10,'LTU',2904910),(10,'LUX',569604),(10,'NLD',16939923),(10,'NOR',5190239),(10,'POL',37986412),(10,'PRT',10358076),(10,'RUS',144096870),(10,'SVK',5423801),(10,'SVN',2063531),(10,'SWE',9799186),(11,'AUT',8731471),(11,'BGR',7127822),(11,'CHE',8372413),(11,'CZE',10566332),(11,'DEU',82487842),(11,'ESP',46484533),(11,'EST',1315790),(11,'FRA',66892205),(11,'GBR',65595565),(11,'GRC',10770521),(11,'HRV',4174349),(11,'HUN',9814023),(11,'IRL',4749777),(11,'ISL',335439),(11,'ITA',60627498),(11,'LTU',2868231),(11,'LUX',582014),(11,'NLD',17030314),(11,'NOR',5236151),(11,'POL',37970087),(11,'PRT',10325452),(11,'RUS',144342396),(11,'SVK',5430798),(11,'SVN',2065042),(11,'SWE',9923085);
/*!40000 ALTER TABLE `Population` ENABLE KEYS */;
UNLOCK TABLES;

--
-- Table structure for table `Temps`
--

DROP TABLE IF EXISTS `Temps`;
/*!40101 SET @saved_cs_client     = @@character_set_client */;
/*!40101 SET character_set_client = utf8 */;
CREATE TABLE `Temps` (
  `idTemps` int(30) NOT NULL AUTO_INCREMENT,
  `annee` int(4) DEFAULT NULL,
  PRIMARY KEY (`idTemps`)
) ENGINE=InnoDB AUTO_INCREMENT=12 DEFAULT CHARSET=latin1;
/*!40101 SET character_set_client = @saved_cs_client */;

--
-- Dumping data for table `Temps`
--

LOCK TABLES `Temps` WRITE;
/*!40000 ALTER TABLE `Temps` DISABLE KEYS */;
INSERT INTO `Temps` VALUES (1,2006),(2,2007),(3,2008),(4,2009),(5,2010),(6,2011),(7,2012),(8,2013),(9,2014),(10,2015),(11,2016);
/*!40000 ALTER TABLE `Temps` ENABLE KEYS */;
UNLOCK TABLES;
/*!40103 SET TIME_ZONE=@OLD_TIME_ZONE */;

/*!40101 SET SQL_MODE=@OLD_SQL_MODE */;
/*!40014 SET FOREIGN_KEY_CHECKS=@OLD_FOREIGN_KEY_CHECKS */;
/*!40014 SET UNIQUE_CHECKS=@OLD_UNIQUE_CHECKS */;
/*!40101 SET CHARACTER_SET_CLIENT=@OLD_CHARACTER_SET_CLIENT */;
/*!40101 SET CHARACTER_SET_RESULTS=@OLD_CHARACTER_SET_RESULTS */;
/*!40101 SET COLLATION_CONNECTION=@OLD_COLLATION_CONNECTION */;
/*!40111 SET SQL_NOTES=@OLD_SQL_NOTES */;

-- Dump completed on 2019-04-13 13:54:47
